,OBJECTID,Area_SVY21,Point_X,Point_Y,Land_Use,Remarks,DMSLat,DMSLon,Building,Distance,Shape_Leng,Shape_Area,Bld_height,Bld_heig_1,Bld_heig_2,Bld_heig_3,Bld_heig_4,Name,REFERENCE,category,floors_ag,floors_bg,height_ag,height_bg
17,8,4418.69637358,103.770691097,1.30026630802,Building,,01 18 00.95871N,103 46 14.48795E,EA,5.19887257021,678.917053516,4120.94658674,0.0,61.764489,39.834638,57.113331,57.113332,B1073,OSM - median values of all buildings,yes,1,1,3,3
312,213,1761.05483594,103.772135391,1.29519220941,Building,,01 17 42.69195N,103 46 19.68741E,AS1,0.0,481.711643239,1761.05487784,0.0,57.644121,39.793466,56.028335,0.0,B1157,OSM - median values of all buildings,yes,1,1,3,3
43,17,2789.85675234,103.771140316,1.29867897734,Building,,01 17 55.24432N,103 46 16.10514E,E1,0.0,442.885857235,2789.85675234,0.0,74.638862,57.129394,67.479094,55.68527,B1079,OSM - median values of all buildings,yes,1,1,3,3
234,166,39.9559269817,103.77911213,1.29465365168,Building,,01 17 40.75315N,103 46 44.80367E,,0.0,25.7643687572,39.9559269817,0.0,68.820415,34.410207,34.410207,0.0,B1288,OSM - median values of all buildings,yes,1,1,3,3
229,160,39.2586321212,103.778173326,1.29432966943,Building,,01 17 39.58681N,103 46 41.42397E,,0.0,25.5094588815,39.2586321212,0.0,0.0,0.0,0.0,0.0,B1273,OSM - median values of all buildings,yes,1,1,3,3
44,17,2789.85675234,103.771140316,1.29867897734,Building,,01 17 55.24432N,103 46 16.10514E,E1,0.0,442.885857235,2789.85675234,0.0,74.638862,57.129394,67.479094,55.68527,B1080,OSM - median values of all buildings,yes,1,1,3,3
246,179,2558.00384559,103.772458869,1.29802036553,Building,,01 17 52.87332N,103 46 20.85193E,E5,0.0,394.405681465,2558.00384559,0.0,71.437798,66.161005,68.592829,68.592829,B1078,OSM - median values of all buildings,yes,1,1,3,3
245,179,2558.00384559,103.772458869,1.29802036553,Building,,01 17 52.87332N,103 46 20.85193E,E5,0.0,394.405681465,2558.00384559,0.0,71.437798,66.161005,68.592829,68.592829,B1062,OSM - median values of all buildings,yes,1,1,3,3
14,8,4418.69637358,103.770691097,1.30026630802,Building,,01 18 00.95871N,103 46 14.48795E,EA,5.19887257021,678.917053516,4120.94658674,0.0,61.764489,39.834638,57.113331,57.113332,B1069,OSM - median values of all buildings,yes,1,1,3,3
73,30,1829.70655579,103.77270916,1.29860664444,Building,,01 17 54.98392N,103 46 21.75298E,E4A,0.0,287.193911571,1829.70655579,0.0,62.134887,36.94878,57.490519,0.0,B1061,OSM - median values of all buildings,yes,1,1,3,3
339,227,1744.94722601,103.775846954,1.29136204259,Building,,01 17 28.90335N,103 46 33.04903E,Sheares Hall Communal Hall,0.0,235.245663243,1744.94722601,0.0,40.730997,15.19125,0.0,0.0,B1298,OSM - median values of all buildings,yes,1,1,3,3
37,16,1735.14318366,103.770782345,1.29938472923,Building,,01 17 57.78503N,103 46 14.81644E,E1A,0.0,224.34753376,1735.14318366,0.0,70.164425,48.900035,41.350457,0.0,B1065,OSM - median values of all buildings,yes,1,1,3,3
404,284,1864.20468156,103.771797771,1.29459203939,Building,,01 17 40.53134N,103 46 18.47198E,AS4,0.0,376.162491344,1864.20468156,0.0,64.068515,40.158156,51.462672,0.0,B1167,OSM - median values of all buildings,yes,1,1,3,3
469,391,52.3551116222,103.774787054,1.29471792676,Building,,01 17 40.98454N,103 46 29.23340E,,0.0,30.8368960189,52.3551116222,0.0,0.0,0.0,0.0,0.0,B1023,OSM - median values of all buildings,yes,1,1,3,3
100,54,1141.49707262,103.779238888,1.29675118399,Building,,01 17 48.30426N,103 46 45.26000E,S13,0.0,177.852460367,1141.49707262,0.0,46.137771,38.725405,43.182771,43.182771,B1340,OSM - median values of all buildings,yes,1,1,3,3
63,27,3173.05822262,103.77219801,1.29850641439,Building,,01 17 54.62309N,103 46 19.91284E,E4,0.0,567.828506885,3173.05822262,0.0,75.273525,61.014052,71.192803,71.228571,B1076,OSM - median values of all buildings,yes,1,1,3,3
29,14,4098.47335666,103.771754163,1.29947541265,Building,,01 17 58.11149N,103 46 18.31499E,E3,0.0,514.08131395,4098.47335666,0.0,71.228571,45.28142,55.066702,56.604923,B1067,OSM - median values of all buildings,yes,1,1,3,3
402,284,1864.20468156,103.771797771,1.29459203939,Building,,01 17 40.53134N,103 46 18.47198E,AS4,0.0,376.162491344,1864.20468156,0.0,64.068515,40.158156,51.462672,0.0,B1164,OSM - median values of all buildings,yes,1,1,3,3
247,180,101.293961335,103.77121117,1.29967447262,Building,,01 17 58.82810N,103 46 16.36021E,,0.0,71.6495901363,101.293961335,0.0,67.458477,41.185159,56.097001,0.0,B1059,OSM - median values of all buildings,yes,1,1,3,3
407,285,1524.84868496,103.771287839,1.29478616565,Building,,01 17 41.23020N,103 46 16.63622E,AS3,0.94634052662,373.263558804,1524.84868496,0.0,47.012001,23.805329,34.011466,0.0,B1152,OSM - median values of all buildings,yes,1,1,3,3
346,237,155.778689532,103.781732105,1.29208584139,Building,,01 17 31.50903N,103 46 54.23558E,,0.0,44.2889268571,155.778689532,0.0,0.0,0.0,0.0,0.0,B1337,OSM - median values of all buildings,yes,1,1,3,3
235,167,102.960708585,103.778962978,1.29462735614,Building,,01 17 40.65848N,103 46 44.26672E,6 KR,0.0,46.2216554125,102.960708585,0.0,70.735057,54.546502,69.336384,0.0,B1287,OSM - median values of all buildings,yes,1,1,3,3
225,155,106.216066355,103.780132812,1.29414940517,Building,,01 17 38.93786N,103 46 48.47812E,3 KR,0.0,49.7037355296,106.216066355,0.0,0.0,0.0,0.0,0.0,B1263,OSM - median values of all buildings,yes,1,1,3,3
408,285,1524.84868496,103.771287839,1.29478616565,Building,,01 17 41.23020N,103 46 16.63622E,AS3,0.94634052662,373.263558804,1524.84868496,0.0,47.012001,23.805329,34.011466,0.0,B1154,OSM - median values of all buildings,yes,1,1,3,3
226,156,105.871958257,103.778637453,1.29420102258,Building,,01 17 39.12368N,103 46 43.09483E,10 KR,0.0,49.3200917309,105.871958257,0.0,67.09832,50.013394,66.477627,0.0,B1267,OSM - median values of all buildings,yes,1,1,3,3
224,154,78.1126289082,103.780463898,1.29380677462,Building,,01 17 37.70439N,103 46 49.67003E,,0.0,40.3951882083,78.1126289082,0.0,68.5006,45.426326,67.778378,0.0,B1266,OSM - median values of all buildings,yes,1,1,3,3
67,28,148.613968342,103.772557937,1.29779389762,Building,,01 17 52.05803N,103 46 21.20857E,,0.0,72.7320277482,148.613968342,0.0,58.668738,27.220391,25.106413,0.0,B1077,OSM - median values of all buildings,yes,1,1,3,3
215,143,237.03437476,103.781103529,1.29312878951,Building,,01 17 35.26364N,103 46 51.97270E,Substation 4,0.0,70.7332544349,237.03437476,0.0,0.0,0.0,0.0,0.0,B1269,OSM - as it is,yes,3,1,9,3
16,8,4418.69637358,103.770691097,1.30026630802,Building,,01 18 00.95871N,103 46 14.48795E,EA,5.19887257021,678.917053516,4120.94658674,0.0,61.764489,39.834638,57.113331,57.113332,B1071,OSM - median values of all buildings,yes,1,1,3,3
223,153,158.179611777,103.780561312,1.29364952545,Building,,01 17 37.13829N,103 46 50.02072E,1 KR,0.0,61.7588316574,158.179611777,0.0,70.290226,34.841196,34.233361,0.0,B1271,OSM - median values of all buildings,yes,1,1,3,3
203,128,192.614784848,103.779536442,1.29231052938,Building,,01 17 32.31791N,103 46 46.33119E,18 PGP,0.0,86.3314659535,192.614784848,0.0,33.056021,15.948175,14.441819,0.0,B1196,User - Input,yes,2,0,6,3
216,143,237.03437476,103.781103529,1.29312878951,Building,,01 17 35.26364N,103 46 51.97270E,Substation 4,0.0,70.7332544349,237.03437476,0.0,0.0,0.0,0.0,0.0,B1272,OSM - as it is,yes,3,1,9,3
340,227,1744.94722601,103.775846954,1.29136204259,Building,,01 17 28.90335N,103 46 33.04903E,Sheares Hall Communal Hall,0.0,235.245663243,1744.94722601,0.0,40.730997,15.19125,0.0,0.0,B1299,OSM - median values of all buildings,yes,1,1,3,3
227,158,96.7163582304,103.778273624,1.29422700738,Building,,01 17 39.21723N,103 46 41.78505E,9 KR,0.0,48.820160204,96.7163582304,0.0,64.872204,48.299694,64.163286,0.0,B1262,OSM - median values of all buildings,yes,1,1,3,3
395,283,1578.93202331,103.771333815,1.29520118375,Building,,01 17 42.72426N,103 46 16.80173E,AS2,0.2928334007,406.803818357,1578.93202331,0.0,48.920651,35.860396,41.935283,0.0,B1151,User - Input,yes,2,1,6,3
52,21,2077.78049976,103.77111042,1.29728136761,Building,,01 17 50.21292N,103 46 15.99751E,SDE2,0.0,353.243517528,2077.77151659,0.0,55.169528,35.706643,42.558043,0.0,B1085,OSM - as it is,yes,5,1,15,3
230,162,157.890885202,103.779953368,1.29445811443,Building,,01 17 40.04921N,103 46 47.83212E,4 KR,0.0,77.5919427321,157.890885202,0.0,72.151118,23.784124,0.0,0.0,B1270,OSM - median values of all buildings,yes,1,1,3,3
238,171,89.5792017856,103.773450494,1.30224501813,Building,,01 18 08.08207N,103 46 24.42178E,,0.0,37.467948274,89.5792017856,0.0,11.851075,5.925537,5.925537,0.0,B1027,User - Input,yes,2,1,6,3
208,132,258.774623128,103.779736962,1.29257587862,Building,,01 17 33.27316N,103 46 47.05306E,,0.0,145.012431941,502.985278932,0.0,35.811122,16.022434,14.054998,0.0,B1249,OSM - as it is,yes,3,1,9,3
284,200,2892.57173771,103.774956969,1.29351058307,Building,,01 17 36.63810N,103 46 29.84509E,BIZ2,2.4181104797,531.749581816,2892.57173771,0.0,48.496464,40.011789,44.20705,41.803955,B1192,OSM - median values of all buildings,yes,1,1,3,3
539,193,7076.35213677,103.773984276,1.29449151286,Building,,01 17 40.16945N,103 46 26.34340E,COM2,4.3534262231,413.369773622,1994.49105304,0.0,52.359204,42.479665,42.836852,42.084107,B1174,OSM - median values of all buildings,yes,1,1,3,3
508,435,97.3117540625,103.769738779,1.30160184967,Building,,01 18 05.76666N,103 46 11.05960E,Kent Vale,0.0,39.5082706463,97.3117540625,18.9,18.9,18.9,18.9,18.9,B1351,OSM - median values of all buildings,yes,1,1,3,3
237,169,106.622168011,103.780298352,1.2938899379,Building,,01 17 38.00378N,103 46 49.07407E,2 KR,0.0,49.7355356394,106.622168011,0.0,67.612707,32.308177,30.810001,0.0,B1268,OSM - median values of all buildings,yes,1,1,3,3
156,101,1018.46404059,103.77936431,1.29611238634,Building,,01 17 46.00459N,103 46 45.71152E,S8,0.0,210.286087701,1018.94455969,0.0,46.867771,37.235538,43.197771,43.197771,B1144,OSM - median values of all buildings,yes,1,1,3,3
15,8,4418.69637358,103.770691097,1.30026630802,Building,,01 18 00.95871N,103 46 14.48795E,EA,5.19887257021,678.917053516,4120.94658674,0.0,61.764489,39.834638,57.113331,57.113332,B1070,OSM - as it is,yes,3,1,9,3
51,21,2077.78049976,103.77111042,1.29728136761,Building,,01 17 50.21292N,103 46 15.99751E,SDE2,0.0,353.243517528,2077.77151659,0.0,55.169528,35.706643,42.558043,0.0,B1084,OSM - as it is,yes,5,1,15,3
254,181,433.445062244,103.771294775,1.29950594502,Building,,01 17 58.22140N,103 46 16.66119E,LT1,0.0,118.501523268,433.445062244,0.0,67.819984,48.60006,62.233259,0.0,B1066,OSM - median values of all buildings,yes,1,1,3,3
231,163,105.238947498,103.77966973,1.29454758092,Building,,01 17 40.37129N,103 46 46.81103E,5 KR,0.0,49.1546181638,105.238947498,0.0,69.713883,55.236604,68.822783,0.0,B1264,OSM - median values of all buildings,yes,1,1,3,3
345,236,179.846926653,103.781566323,1.29205857758,Building,,01 17 31.41088N,103 46 53.63876E,CRISP Equipment Shelter,0.0,61.9680367331,179.846926653,0.0,0.0,0.0,0.0,0.0,B1336,OSM - median values of all buildings,yes,1,1,3,3
18,8,4418.69637358,103.770691097,1.30026630802,Building,,01 18 00.95871N,103 46 14.48795E,EA,5.19887257021,678.917053516,4120.94658674,0.0,61.764489,39.834638,57.113331,57.113332,B1074,OSM - as it is,yes,3,1,9,3
351,241,1120.91558099,103.780983917,1.29640246454,Building,,01 17 47.04887N,103 46 51.54210E,LT26,0.0,308.903798307,1120.91558099,0.0,32.113723,18.822063,21.093525,0.0,B1131,User - Input,yes,1,0,3,0
313,213,1761.05483594,103.772135391,1.29519220941,Building,,01 17 42.69195N,103 46 19.68741E,AS1,0.0,481.711643239,1761.05487784,0.0,57.644121,39.793466,56.028335,0.0,B1158,OSM - median values of all buildings,yes,1,1,3,3
291,205,134.460678333,103.773060841,1.29260761686,Building,,01 17 33.38742N,103 46 23.01903E,Substation 2,0.0,49.9219299092,134.460678333,0.0,0.0,0.0,0.0,0.0,B1324,User - Input,yes,2,1,6,3
368,257,4500.89120322,103.780807801,1.2910781064,Building,,01 17 27.88118N,103 46 50.90808E,PGP Residence Block 5/6/7/8/9/10/11/12/C1,17.9733292289,1093.46836938,4500.89120322,0.0,71.044043,35.430466,33.75161,0.0,B1204,OSM - as it is,dormitory,10,0,30,3
361,250,125.137677098,103.780849299,1.29038224124,Building,,01 17 25.37607N,103 46 51.05748E,,0.0,40.1184517246,125.137677098,0.0,30.563564,15.281782,15.281782,0.0,B1218,OSM - as it is,yes,3,0,9,3
526,468,0.0,103.77256735,1.30717979444,Building,,01 18 25.84726N,103 46 21.24246E,,0.0,338.404324603,3573.34561452,27.5,27.5,27.5,27.5,27.5,B1303,User - Input,yes,1,0,3,0
136,85,135.040830663,103.774548583,1.29747430267,Building,,01 17 50.90749N,103 46 28.37490E,14 KR,0.0,49.2884864597,135.040830663,0.0,78.288151,54.967531,76.536912,0.0,B1242,User - Input,yes,2,1,6,3
204,129,189.706628236,103.779982021,1.29240342769,Building,,01 17 32.65234N,103 46 47.93528E,2 PGP,0.0,87.5812353882,189.706628236,0.0,31.087537,24.516758,27.128165,25.689497,B1247,User - Input,yes,2,1,6,3
212,138,200.90615189,103.779300851,1.29293372073,Building,,01 17 34.56139N,103 46 45.48307E,4 PGP,0.0,86.4336960537,200.90615189,0.0,37.602208,10.688764,0.0,0.0,B1250,OSM - as it is,yes,3,1,9,3
403,284,1864.20468156,103.771797771,1.29459203939,Building,,01 17 40.53134N,103 46 18.47198E,AS4,0.0,376.162491344,1864.20468156,0.0,64.068515,40.158156,51.462672,0.0,B1166,OSM - median values of all buildings,yes,1,1,3,3
33,15,1632.33214,103.771186472,1.29933160876,Building,,01 17 57.59379N,103 46 16.27130E,E2,0.0,283.257618952,1812.62962998,0.0,75.667946,64.251332,71.41983,75.667946,B1060,OSM - median values of all buildings,yes,1,1,3,3
294,206,1710.73364957,103.773127146,1.2956611816,Building,,01 17 44.38025N,103 46 23.25772E,AS6,0.0,330.165905411,1710.84224577,0.0,62.811512,53.080265,61.624107,60.242506,B1160,OSM - median values of all buildings,yes,1,1,3,3
141,87,1695.15000177,103.773417058,1.29758670614,Building,,01 17 51.31214N,103 46 24.30141E,LT3/4,0.0,259.008946055,1105.25372829,0.0,67.184376,54.880803,60.3786,60.3786,B1191,OSM - median values of all buildings,yes,1,1,3,3
488,470,0.0,103.772044702,1.30577191795,Building,,01 18 22.02523N,103 46 18.91545E,,2.05760158196,515.958303374,2594.11589364,75.7,75.7,75.7,75.7,75.7,B1305,OSM - median values of all buildings,yes,1,1,3,3
300,209,311.403250582,103.773321667,1.29570615113,Building,,01 17 44.54214N,103 46 23.95800E,LT14,0.0,91.2864418193,311.403250582,0.0,60.242506,44.94234,45.989926,45.989926,B1165,OSM - median values of all buildings,yes,1,1,3,3
211,137,190.392718615,103.778063306,1.29286095781,Building,,01 17 34.29945N,103 46 41.02790E,15 PGP,0.0,87.3043154313,190.392718615,0.0,35.383052,28.938631,32.761688,30.451861,B1259,User - Input,school,2,0,6,3
210,136,188.977922375,103.778464035,1.29280496096,Building,,01 17 34.09786N,103 46 42.47052E,16 PGP,0.0,86.8935363116,188.977922375,0.0,35.287882,21.852478,34.727181,0.0,B1260,OSM - as it is,yes,3,1,9,3
133,80,174.440444737,103.775139849,1.29718278978,Building,,01 17 49.85804N,103 46 30.50346E,12 KR,0.0,60.6525651963,174.440444737,0.0,78.94634,48.45012,76.125911,0.0,B1244,User - Input,yes,2,1,6,3
325,218,189.021157299,103.772363753,1.29502908038,Building,,01 17 42.10469N,103 46 20.50951E,,0.0,73.386938717,189.021157299,0.0,52.711481,42.286726,48.473425,0.0,B1159,OSM - median values of all buildings,yes,1,1,3,3
132,79,173.625787951,103.774875121,1.29733176119,Building,,01 17 50.39434N,103 46 29.55044E,12A KR,0.0,59.7993221067,173.625787951,0.0,78.350525,50.837883,74.515142,0.0,B1243,User - Input,yes,2,1,6,3
541,193,7076.35213677,103.773984276,1.29449151286,Building,,01 17 40.16945N,103 46 26.34340E,COM2,4.3534262231,413.369773622,1994.49105304,0.0,52.359204,42.479665,42.836852,42.084107,B1176,User - Input,yes,2,1,6,3
134,81,174.917151888,103.775361944,1.2969316761,Building,,01 17 48.95403N,103 46 31.30300E,11 KR,0.0,60.2733031927,174.917151888,0.0,78.970123,63.803234,77.112398,0.0,B1245,User - Input,yes,2,1,6,3
199,124,604.180393421,103.781142856,1.29142942669,Building,,01 17 29.14594N,103 46 52.11428E,KE VII Hall H4C,4.91507841181,229.33226061,604.180393421,0.0,54.278122,38.281192,49.84572,0.0,B1232,OSM - as it is,yes,3,0,9,3
202,127,181.955079632,103.781419966,1.29228340394,Building,,01 17 32.22025N,103 46 53.11188E,,0.0,54.2708454664,181.955079632,0.0,0.0,0.0,0.0,0.0,B1265,OSM - as it is,yes,3,1,9,3
214,141,190.543281953,103.778804012,1.2931133485,Building,,01 17 35.20805N,103 46 43.69444E,5 PGP,0.0,87.4989489896,190.543281953,0.0,38.57001,23.41401,36.05615,0.0,B1344,OSM - as it is,yes,3,1,9,3
299,209,311.403250582,103.773321667,1.29570615113,Building,,01 17 44.54214N,103 46 23.95800E,LT14,0.0,91.2864418193,311.403250582,0.0,60.242506,44.94234,45.989926,45.989926,B1162,OSM - median values of all buildings,yes,1,1,3,3
255,182,168.564392916,103.770339857,1.29939809123,Building,,01 17 57.83313N,103 46 13.22348E,Substation 5,0.0,57.4113687929,168.564392916,0.0,41.308479,20.654239,20.654239,0.0,B1292,OSM - as it is,yes,3,1,9,3
370,257,4500.89120322,103.780807801,1.2910781064,Building,,01 17 27.88118N,103 46 50.90808E,PGP Residence Block 5/6/7/8/9/10/11/12/C1,17.9733292289,1093.46836938,4500.89120322,0.0,71.044043,35.430466,33.75161,0.0,B1206,OSM - as it is,dormitory,8,0,24,3
200,125,577.883293283,103.781254338,1.29156682031,Building,,01 17 29.64055N,103 46 52.51562E,KE VII Hall H4B,3.01500722772,222.447333394,577.883293283,0.0,57.384451,46.767746,53.828494,0.0,B1230,OSM - as it is,yes,3,0,9,3
154,97,218.57100788,103.774276964,1.3013211217,Building,,01 18 04.75604N,103 46 27.39707E,,0.0,61.5392014435,218.57100788,0.0,17.375966,9.157352,15.748559,0.0,B1338,User - Input,yes,2,1,6,3
389,281,239.037332632,103.772008205,1.29489129098,Building,,01 17 41.60865N,103 46 19.22954E,LT10,0.0,68.5372630419,239.037332632,0.0,48.013716,38.20762,41.672623,37.573858,B1156,User - Input,yes,2,1,6,3
384,269,1090.56256982,103.780991171,1.29572728799,Building,,01 17 44.61824N,103 46 51.56821E,MD4,0.0,191.311143828,1090.56256982,0.0,51.146755,43.923957,47.051755,47.051755,B1133,User - Input,yes,2,1,6,3
206,131,190.32745314,103.779199206,1.29254851286,Building,,01 17 33.17465N,103 46 45.11714E,17 PGP,0.0,86.9213042269,190.32745314,0.0,32.014263,19.242239,29.051996,0.0,B1195,User - Input,yes,2,0,6,3
322,217,286.5859518,103.771158174,1.29497276375,Building,,01 17 41.90195N,103 46 16.16942E,LT12,0.0,77.0444521847,286.5859518,33.648132,37.480187,36.333961,36.775051,33.648132,B1149,User - Input,yes,2,1,6,3
222,151,618.123302851,103.780646375,1.29324442188,Building,,01 17 35.67992N,103 46 50.32695E,KE VII Hall H4E,3.35917616335,236.78109098,618.123302851,0.0,80.7614,66.884079,75.857384,0.0,B1224,OSM - as it is,yes,3,0,9,3
160,103,264.748406066,103.779366214,1.29687209389,Building,,01 17 48.73954N,103 46 45.71837E,Substation 3,0.0,74.003736547,264.748406066,0.0,43.182771,24.981707,23.712771,23.712771,B1335,OSM - median values of all buildings,yes,1,1,3,3
207,132,258.774623128,103.779736962,1.29257587862,Building,,01 17 33.27316N,103 46 47.05306E,,0.0,145.012431941,502.985278932,0.0,35.811122,16.022434,14.054998,0.0,B1248,OSM - as it is,yes,3,1,9,3
23,11,1148.23622308,103.78053821,1.29770399736,Building,,01 17 51.73439N,103 46 49.93756E,S17,0.0,231.619517673,1685.21816088,0.0,61.253585,45.616453,51.093587,55.563585,B1143,OSM - as it is,yes,5,1,15,3
213,140,221.376598379,103.780222529,1.29300351498,Building,,01 17 34.81265N,103 46 48.80110E,KE VII Hall H4H,0.0,95.1372730044,221.376598379,42.796919,57.471738,53.58411,55.91277,42.796919,B1229,OSM - as it is,yes,3,0,9,3
197,123,221.161537568,103.780799601,1.29142020249,Building,,01 17 29.11273N,103 46 50.87856E,KE VII Hall H4D,0.0,100.30420503,221.161537568,0.0,47.593841,24.985281,42.5469,0.0,B1227,OSM - as it is,yes,3,0,9,3
21,11,1148.23622308,103.78053821,1.29770399736,Building,,01 17 51.73439N,103 46 49.93756E,S17,0.0,231.619517673,1685.21816088,0.0,61.253585,45.616453,51.093587,55.563585,B1141,OSM - as it is,yes,5,1,15,3
372,257,4500.89120322,103.780807801,1.2910781064,Building,,01 17 27.88118N,103 46 50.90808E,PGP Residence Block 5/6/7/8/9/10/11/12/C1,17.9733292289,1093.46836938,4500.89120322,0.0,71.044043,35.430466,33.75161,0.0,B1208,OSM - as it is,dormitory,8,0,24,3
391,282,267.648539584,103.772240923,1.29496758422,Building,,01 17 41.88330N,103 46 20.06732E,LT9,0.0,65.0303230551,267.648539584,40.526318,52.692796,49.151127,50.263471,50.263471,B1155,User - Input,yes,2,1,6,3
367,257,4500.89120322,103.780807801,1.2910781064,Building,,01 17 27.88118N,103 46 50.90808E,PGP Residence Block 5/6/7/8/9/10/11/12/C1,17.9733292289,1093.46836938,4500.89120322,0.0,71.044043,35.430466,33.75161,0.0,B1203,OSM - as it is,dormitory,8,0,24,3
198,124,604.180393421,103.781142856,1.29142942669,Building,,01 17 29.14594N,103 46 52.11428E,KE VII Hall H4C,4.91507841181,229.33226061,604.180393421,0.0,54.278122,38.281192,49.84572,0.0,B1228,OSM - as it is,yes,3,0,9,3
250,181,433.445062244,103.771294775,1.29950594502,Building,,01 17 58.22140N,103 46 16.66119E,LT1,0.0,118.501523268,433.445062244,0.0,67.819984,48.60006,62.233259,0.0,B1056,User - Input,yes,3,1,9,3
118,67,261.569634717,103.774058606,1.30184380576,Building,,01 18 06.63770N,103 46 26.61098E,Substation 1,0.0,75.3757022341,261.569634717,0.0,14.732861,8.839717,14.732861,14.732861,B1339,User - Input,yes,2,1,6,3
297,208,390.982965404,103.773381868,1.29552086549,Building,,01 17 43.87512N,103 46 24.17472E,LT15,0.0,87.9982920648,390.982965404,0.0,61.894497,45.362431,48.74558,46.273731,B1161,OSM - median values of all buildings,yes,1,1,3,3
1,1,8604.81216115,103.772088503,1.30176183283,Building,,01 18 06.34260N,103 46 19.51861E,University Cultural Centre,0.0,673.833397059,8604.81216115,0.0,42.38046,28.073474,28.927462,28.927462,B1246,OSM - median values of all buildings,roof,1,1,3,3
173,109,309.527193044,103.779467498,1.29537138538,Building,,01 17 43.33699N,103 46 46.08299E,LT21,0.0,71.3378204393,309.527193044,0.0,28.661724,2.388477,0.0,0.0,B1110,User - Input,yes,3,1,9,3
357,246,369.640331842,103.782164692,1.29119402545,Building,,01 17 28.29849N,103 46 55.79289E,PGP Residence Block 4,0.0,141.453532045,369.640331842,0.0,58.541935,13.565588,0.0,0.0,B1215,OSM - as it is,dormitory,8,0,24,3
489,470,0.0,103.772044702,1.30577191795,Building,,01 18 22.02523N,103 46 18.91545E,,2.05760158196,515.958303374,2594.11589364,75.7,75.7,75.7,75.7,75.7,B1306,OSM - as it is,yes,5,1,15,3
358,247,379.791262667,103.782910834,1.29153872365,Building,,01 17 29.53941N,103 46 58.47900E,PGP Residence Block 1,0.0,132.673913832,379.791262667,0.0,64.297429,12.304709,0.0,0.0,B1213,OSM - as it is,dormitory,8,0,24,3
374,257,4500.89120322,103.780807801,1.2910781064,Building,,01 17 27.88118N,103 46 50.90808E,PGP Residence Block 5/6/7/8/9/10/11/12/C1,17.9733292289,1093.46836938,4500.89120322,0.0,71.044043,35.430466,33.75161,0.0,B1210,OSM - as it is,dormitory,10,0,30,3
356,245,356.211104048,103.782418426,1.2913117437,Building,,01 17 28.72228N,103 46 56.70633E,PGP Residence Block 3,0.0,121.219139741,356.211104048,0.0,43.840878,9.650341,0.0,0.0,B1212,OSM - as it is,dormitory,8,0,24,3
364,254,316.763942411,103.781589283,1.2906177689,Building,,01 17 26.22397N,103 46 53.72142E,PGP Residence Block 26,0.16902079402,141.540267951,316.763942411,0.0,52.527589,23.19,14.947256,0.0,B1214,OSM - as it is,dormitory,8,0,24,3
201,125,577.883293283,103.781254338,1.29156682031,Building,,01 17 29.64055N,103 46 52.51562E,KE VII Hall H4B,3.01500722772,222.447333394,577.883293283,0.0,57.384451,46.767746,53.828494,0.0,B1231,OSM - as it is,yes,3,0,9,3
355,244,380.630751565,103.782664103,1.29142810672,Building,,01 17 29.14118N,103 46 57.59077E,PGP Residence Block 2,0.0,135.088530737,380.630751565,0.0,63.207589,16.370353,0.0,0.0,B1211,OSM - as it is,dormitory,8,0,24,3
373,257,4500.89120322,103.780807801,1.2910781064,Building,,01 17 27.88118N,103 46 50.90808E,PGP Residence Block 5/6/7/8/9/10/11/12/C1,17.9733292289,1093.46836938,4500.89120322,0.0,71.044043,35.430466,33.75161,0.0,B1209,OSM - as it is,dormitory,10,0,30,3
331,220,2448.759043,103.774380958,1.29177237612,Building,,01 17 30.38055N,103 46 27.77145E,Kent Ridge Hall Communal Hall,0.0,433.082269893,2448.759043,0.0,33.580825,15.323856,23.746997,0.0,B1277,User - Input,residential,7,0,21,3
552,228,730.276504522,103.775854649,1.29103487812,Building,,01 17 27.72556N,103 46 33.07674E,Sheares Hall - E,0.0,118.644760779,356.418749926,0.0,40.746973,26.266623,33.870204,33.870204,B1297,User - Input,residential,7,0,21,3
522,467,0.0,103.772265695,1.30801018425,Building,,01 18 28.83666N,103 46 20.15650E,Cendana College,0.0,452.085684692,2854.06279209,115.7,115.7,115.7,115.7,115.7,B1318,OSM - as it is,yes,3,1,9,3
337,226,456.388533408,103.775323603,1.291567151,Building,,01 17 29.64174N,103 46 31.16497E,Sheares Hall - A,0.0,120.559742984,456.388533408,0.0,42.48404,33.233737,36.770809,0.0,B1275,User - Input,residential,7,0,21,3
269,195,403.750353471,103.77439412,1.29376933421,Building,,01 17 37.56960N,103 46 27.81883E,LT19,0.0,80.8954406368,403.750353471,0.0,43.066638,37.595485,41.496866,0.0,B1175,User - Input,yes,2,1,6,3
217,144,624.625128002,103.780456519,1.29295638306,Building,,01 17 35.11438N,103 46 49.91365E,KE VII Hall H4F,3.77068780114,233.435280901,624.625128002,0.0,62.338651,46.49782,50.498064,0.0,B1222,OSM - as it is,yes,3,0,9,3
25,13,921.019078123,103.771103139,1.30000773631,Building,,01 18 00.02785N,103 46 15.97130E,LT7,0.0,165.016391223,921.019078123,0.0,51.441362,36.217656,48.429102,48.429102,B1072,OSM - median values of all buildings,yes,1,1,3,3
45,18,354.152180793,103.771344353,1.29831765177,Building,,01 17 53.94355N,103 46 16.83967E,LT5,0.0,81.5995702493,354.152180793,0.0,74.462313,16.673301,0.0,0.0,B1075,User - Input,yes,4,1,12,3
371,257,4500.89120322,103.780807801,1.2910781064,Building,,01 17 27.88118N,103 46 50.90808E,PGP Residence Block 5/6/7/8/9/10/11/12/C1,17.9733292289,1093.46836938,4500.89120322,0.0,71.044043,35.430466,33.75161,0.0,B1207,OSM - as it is,dormitory,8,0,24,3
165,475,0.0,0.0,0.0,Building,,01 17 46.82468N,103 46 47.43492E,Frontier,5.2333585764,333.54629263,2863.83898741,0.0,30.342771,25.110491,26.445823,26.445823,B1333,OSM - median values of all buildings,yes,1,1,3,3
218,144,624.625128002,103.780456519,1.29295638306,Building,,01 17 35.11438N,103 46 49.91365E,KE VII Hall H4F,3.77068780114,233.435280901,624.625128002,0.0,62.338651,46.49782,50.498064,0.0,B1225,OSM - as it is,yes,3,0,9,3
490,470,0.0,103.772044702,1.30577191795,Building,,01 18 22.02523N,103 46 18.91545E,,2.05760158196,515.958303374,2594.11589364,75.7,75.7,75.7,75.7,75.7,B1307,OSM - as it is,yes,22,1,66,3
341,228,730.276504522,103.775854649,1.29103487812,Building,,01 17 27.72556N,103 46 33.07674E,Sheares Hall - D,0.0,117.474175379,373.857754597,0.0,39.446973,16.132423,0.0,0.0,B1281,User - Input,residential,7,0,21,3
171,108,311.56667783,103.778800568,1.29582777511,Building,,01 17 44.97999N,103 46 43.68205E,LT20,0.0,71.983484284,311.56667783,26.785315,40.34692,36.678121,39.978155,26.785315,B1106,OSM - median values of all buildings,yes,1,1,3,3
366,256,382.62094722,103.781382141,1.2916946408,Building,,01 17 30.10071N,103 46 52.97571E,KE VII Hall H1A,0.0,156.178732899,382.62094722,0.0,63.279459,48.270774,61.374292,0.0,B1219,OSM - as it is,yes,3,0,9,3
542,178,791.472948766,103.771496215,1.29922311856,Building,,01 17 57.20323N,103 46 17.38637E,LT2,0.0,73.8025166625,327.041988886,0.0,75.458868,57.484227,69.069266,66.243259,B1057,User - Input,yes,3,1,9,3
333,221,373.869154654,103.77541929,1.29114790439,Building,,01 17 28.13246N,103 46 31.50944E,Sheares Hall-C,0.0,112.916390171,373.869154654,0.0,39.446973,2.817641,0.0,0.0,B1280,OSM - as it is,residential,9,0,27,3
523,467,0.0,103.772265695,1.30801018425,Building,,01 18 28.83666N,103 46 20.15650E,Cendana College,0.0,452.085684692,2854.06279209,115.7,115.7,115.7,115.7,115.7,B1319,OSM - as it is,yes,4,1,12,3
220,149,770.276922775,103.780531571,1.29308732914,Building,,01 17 35.11438N,103 46 49.91365E,KE VII Hall H4F,6.78161445656,287.395342457,770.276922775,0.0,68.640146,52.639406,60.70594,0.0,B1226,OSM - as it is,yes,3,0,9,3
492,470,0.0,103.772044702,1.30577191795,Building,,01 18 22.02523N,103 46 18.91545E,,2.05760158196,515.958303374,2594.11589364,75.7,75.7,75.7,75.7,75.7,B1309,OSM - as it is,yes,4,1,12,3
275,197,2584.90104068,103.774475913,1.29306872874,Building,,01 17 35.04742N,103 46 28.11329E,Hon Sui Sen Memorial LIbrary,0.0,340.90055441,2584.90104068,0.0,39.39797,29.873546,35.56797,35.56797,B1173,User - Input,yes,2,1,6,3
560,49,2308.78598878,103.781063042,1.29704251418,Building,,01 17 49.35305N,103 46 51.82695E,LT29,0.0,78.7709503615,359.652272913,19.888661,28.611149,26.016209,25.963525,25.963525,B1116,User - Input,yes,3,1,9,3
328,219,1355.97310433,103.774853544,1.2915064704,Building,,01 17 29.42329N,103 46 29.47276E,Kent Ridge Hall KR-A/B/C,3.28016149099,377.900967875,1355.97310433,0.0,36.314825,15.718971,0.0,0.0,B1279,User - Input,residential,7,0,21,3
179,112,724.004816502,103.780568782,1.29584750807,Building,,01 17 45.05103N,103 46 50.04762E,LT24,0.0,132.776902889,724.004816502,0.0,37.466755,30.486391,33.436755,33.436755,B1128,User - Input,yes,2,1,6,3
233,165,335.520340376,103.778599164,1.29457890041,Building,,01 17 40.48404N,103 46 42.95699E,,0.0,64.9328341121,335.520340376,79.645538,82.103719,81.04326,81.110029,79.645538,B1261,OSM - median values of all buildings,yes,1,1,3,3
335,224,382.440778418,103.77517982,1.29126507026,Building,,01 17 28.55425N,103 46 30.64735E,Sheares Hall - B,0.0,104.593048176,382.440778418,0.0,38.887132,8.148165,0.0,0.0,B1294,User - Input,residential,7,0,21,3
327,219,1355.97310433,103.774853544,1.2915064704,Building,,01 17 29.42329N,103 46 29.47276E,Kent Ridge Hall KR-A/B/C,3.28016149099,377.900967875,1355.97310433,0.0,36.314825,15.718971,0.0,0.0,B1278,User - Input,residential,7,0,21,3
491,470,0.0,103.772044702,1.30577191795,Building,,01 18 22.02523N,103 46 18.91545E,,2.05760158196,515.958303374,2594.11589364,75.7,75.7,75.7,75.7,75.7,B1308,OSM - as it is,yes,19,1,57,3
525,467,0.0,103.772265695,1.30801018425,Building,,01 18 28.83666N,103 46 20.15650E,Cendana College,0.0,452.085684692,2854.06279209,115.7,115.7,115.7,115.7,115.7,B1321,OSM - as it is,yes,14,1,42,3
550,0,0.0,0.0,0.0,Building,,,,,0.0,77.1266703316,355.187551383,0.0,30.112771,27.961859,30.112771,30.112771,B1113,User - Input,yes,5,1,15,3
369,257,4500.89120322,103.780807801,1.2910781064,Building,,01 17 27.88118N,103 46 50.90808E,PGP Residence Block 5/6/7/8/9/10/11/12/C1,17.9733292289,1093.46836938,4500.89120322,0.0,71.044043,35.430466,33.75161,0.0,B1205,OSM - as it is,dormitory,10,0,30,3
221,151,618.123302851,103.780646375,1.29324442188,Building,,01 17 35.67992N,103 46 50.32695E,KE VII Hall H4E,3.35917616335,236.78109098,618.123302851,0.0,80.7614,66.884079,75.857384,0.0,B1223,OSM - as it is,yes,3,0,9,3
180,112,724.004816502,103.780568782,1.29584750807,Building,,01 17 45.05103N,103 46 50.04762E,LT24,0.0,132.776902889,724.004816502,0.0,37.466755,30.486391,33.436755,33.436755,B1129,User - Input,yes,2,1,6,3
277,198,408.118871164,103.774013642,1.29360614919,Building,,01 17 36.98214N,103 46 26.44911E,LT17,0.0,77.7877496404,408.118871164,0.0,41.220898,29.848274,38.954107,38.954107,B1172,User - Input,yes,2,1,6,3
279,199,404.414697243,103.773866989,1.29391738111,Building,,01 17 38.10257N,103 46 25.92116E,LT16,0.0,77.5136559837,404.414697243,0.0,41.199514,29.127906,38.954107,38.954107,B1171,User - Input,yes,2,1,6,3
219,149,770.276922775,103.780531571,1.29308732914,Building,,01 17 35.11438N,103 46 49.91365E,KE VII Hall H4F,6.78161445656,287.395342457,770.276922775,0.0,68.640146,52.639406,60.70594,0.0,B1221,OSM - as it is,yes,3,0,9,3
354,243,1098.92552945,103.779726229,1.29177840683,Building,,01 17 30.40226N,103 46 47.01442E,PGP Residence Block 12/13,1.38328760558,242.67285316,1098.92552945,0.0,67.753982,17.67521,0.0,0.0,B1199,User - Input,dormitory,13,0,39,3
353,243,1098.92552945,103.779726229,1.29177840683,Building,,01 17 30.40226N,103 46 47.01442E,PGP Residence Block 12/13,1.38328760558,242.67285316,1098.92552945,0.0,67.753982,17.67521,0.0,0.0,B1198,User - Input,dormitory,13,0,39,3
451,352,416.163375984,103.773029869,1.30682718864,Building,,01 18 24.57788N,103 46 22.90753E,,0.0,81.6003309785,416.163375984,23.6,23.6,23.6,23.6,23.6,B1037,OSM - as it is,yes,3,1,9,3
330,220,2448.759043,103.774380958,1.29177237612,Building,,01 17 30.38055N,103 46 27.77145E,Kent Ridge Hall Communal Hall,0.0,433.082269893,2448.759043,0.0,33.580825,15.323856,23.746997,0.0,B1276,User - Input,residential,7,0,21,3
524,467,0.0,103.772265695,1.30801018425,Building,,01 18 28.83666N,103 46 20.15650E,Cendana College,0.0,452.085684692,2854.06279209,115.7,115.7,115.7,115.7,115.7,B1320,OSM - as it is,yes,26,1,78,3
449,350,391.590936503,103.773475908,1.30590826692,Building,,01 18 21.26976N,103 46 24.51327E,,0.0,97.0048000766,391.590936503,23.4,23.4,23.4,23.4,23.4,B1032,OSM - as it is,yes,3,1,9,3
362,251,659.388260964,103.781338476,1.2904838356,Building,,01 17 25.74181N,103 46 52.81851E,PGP Residence MPH,0.0,120.242472273,659.388260964,0.0,34.274227,22.062528,28.87466,28.87466,B1240,OSM - as it is,yes,3,0,9,3
386,38,601.302331897,103.775786185,1.29845762833,Building,,01 17 53.78297N,103 46 32.96319E,,0.0,179.028088026,601.302331897,0.0,41.398767,35.599702,40.614703,0.0,B1256,User - Input,residential,4,0,12,3
140,87,1695.15000177,103.773417058,1.29758670614,Building,,01 17 51.31214N,103 46 24.30141E,LT3/4,0.0,259.008946055,1105.25372829,0.0,67.184376,54.880803,60.3786,60.3786,B1095,OSM - as it is,yes,4,1,12,3
563,49,2308.78598878,103.781063042,1.29704251418,Building,,01 17 49.35305N,103 46 51.82695E,LT28,0.0,86.668319683,408.743672931,0.0,28.576692,20.896519,25.963525,0.0,B1117,User - Input,yes,3,1,9,3
326,219,1355.97310433,103.774853544,1.2915064704,Building,,01 17 29.42329N,103 46 29.47276E,Kent Ridge Hall KR-A/B/C,3.28016149099,377.900967875,1355.97310433,0.0,36.314825,15.718971,0.0,0.0,B1274,User - Input,residential,7,0,21,3
496,471,0.0,103.771961124,1.30635615683,Building,,01 18 22.02523N,103 46 18.91545E,,0.0,305.862572238,2081.37960317,21.0,21.0,21.0,21.0,21.0,B1310,OSM - as it is,yes,4,1,12,3
139,87,1695.15000177,103.773417058,1.29758670614,Building,,01 17 51.31214N,103 46 24.30141E,LT3/4,0.0,259.008946055,1105.25372829,0.0,67.184376,54.880803,60.3786,60.3786,B1094,OSM - as it is,yes,4,1,12,3
143,88,627.352681427,103.771427371,1.2988028563,Building,,01 17 55.69028N,103 46 17.13853E,E2A,0.0,112.890745456,627.352681427,55.106555,77.193524,71.99876,75.397134,75.397134,B1296,User - Input,yes,6,0,18,3
57,25,514.589318686,103.771960322,1.29875491579,Building,,01 17 55.51770N,103 46 19.05716E,LT6,0.0,89.5510288364,514.589318686,0.0,71.228571,54.697172,59.266846,59.266845,B1051,OSM - as it is,yes,3,1,9,3
453,354,448.956457489,103.773147319,1.30656260159,Building,,01 18 23.62537N,103 46 23.33035E,,0.0,85.5997424121,448.956457489,23.6,23.6,23.6,23.6,23.6,B1041,OSM - as it is,yes,3,1,9,3
349,241,1120.91558099,103.780983917,1.29640246454,Building,,01 17 47.04887N,103 46 51.54210E,LT26,0.0,308.903798307,1120.91558099,0.0,32.113723,18.822063,21.093525,0.0,B1123,User - Input,yes,3,1,9,3
437,308,451.967996935,103.7772244,1.29384929402,Building,,01 17 37.85746N,103 46 38.00784E,,0.0,108.082024124,451.967996935,0.0,43.935602,25.965911,42.546569,0.0,B1024,OSM - as it is,yes,4,1,12,3
497,471,0.0,103.771961124,1.30635615683,Building,,01 18 22.02523N,103 46 18.91545E,,0.0,305.862572238,2081.37960317,21.0,21.0,21.0,21.0,21.0,B1311,OSM - as it is,yes,3,1,9,3
83,42,578.737722444,103.775938917,1.2980718793,Building,,01 17 53.05877N,103 46 33.38010E,Ridge View Residence H1B,4.03275292873,173.315262907,578.737722444,0.0,47.739638,36.369839,42.690557,0.0,B1255,User - Input,residential,4,0,12,3
515,462,531.614186451,103.772969844,1.29990690887,Building,,01 17 59.66487N,103 46 22.69144E,Raffles Hall H3C,0.56776067486,155.039946463,531.614186451,0.0,32.974698,24.771462,30.785275,0.0,B1234,User - Input,yes,3,0,9,3
514,461,531.61418643,103.773308853,1.2995270026,Building,,01 17 58.29721N,103 46 23.91187E,Raffles Hall H3A,0.56776067462,155.039946455,531.61418643,0.0,32.599083,22.907449,30.854548,0.0,B1235,User - Input,yes,3,0,9,3
375,257,4500.89120322,103.780807801,1.2910781064,Building,,01 17 27.88118N,103 46 50.90808E,PGP Residence Block 5/6/7/8/9/10/11/12/C1,17.9733292289,1093.46836938,4500.89120322,0.0,71.044043,35.430466,33.75161,0.0,B1322,OSM - as it is,yes,3,0,9,3
153,96,543.414304889,103.774133415,1.30141910607,Building,,01 18 05.10878N,103 46 26.88029E,Booster Pump House,0.0,95.1982402263,543.414304889,0.0,15.711856,11.426804,15.711856,15.711856,B1289,User - Input,yes,2,1,6,3
177,111,648.599657331,103.78063059,1.29611386676,Building,,01 17 46.00992N,103 46 50.27012E,LT25,0.0,108.461339533,648.599657331,0.0,32.69787,24.757388,29.276755,29.276755,B1127,User - Input,yes,2,1,6,3
79,37,1008.10242819,103.776263227,1.2985328225,Building,,01 17 54.71816N,103 46 34.54762E,Ridge View Residence H1E,0.72489808421,239.024566304,1008.10242819,0.0,37.359271,32.311863,35.990353,29.881779,B1257,User - Input,residential,4,0,12,3
110,61,268.263458983,103.77787291,1.29577968415,Building,,01 17 44.80686N,103 46 40.34248E,S1,0.0,110.069729518,514.061932213,0.0,58.760315,18.429644,0.0,0.0,B1103,User - Input,yes,3,0,9,3
360,248,1575.73550101,103.779707081,1.29123774652,Building,,01 17 28.45589N,103 46 46.94549E,PGP Residence Block 15/16/17/18/19,0.0,712.643602483,1575.73550101,0.0,47.881896,24.75297,41.297607,0.0,B1201,OSM - as it is,dormitory,8,0,24,3
534,472,0.0,103.772375126,1.30633428023,Building,,01 18 22.80341N,103 46 20.55045E,,0.0,202.887597638,1142.35056352,102.4,102.4,102.4,102.4,102.4,B1315,OSM - as it is,yes,25,1,75,3
388,280,549.824580748,103.771991321,1.29412485299,Building,,01 17 38.84947N,103 46 19.16876E,LT8,0.0,90.0063991825,549.824580748,0.0,52.568157,40.905983,42.652205,42.652205,B1169,User - Input,yes,2,1,6,3
516,463,531.614186422,103.772631172,1.3002863376,Building,,01 18 01.03082N,103 46 21.47222E,Raffles Hall H3E,0.56776067541,155.039946459,531.614186422,0.0,30.968033,21.95985,28.729957,0.0,B1236,User - Input,yes,3,0,9,3
82,41,619.239197742,103.77624639,1.29771543574,Building,,01 17 51.77557N,103 46 34.48701E,Ridge View Residence H1A,3.18212169594,183.22753741,619.239197742,0.0,43.726187,35.563224,41.36528,0.0,B1253,User - Input,residential,4,0,12,3
365,255,617.946484476,103.781901364,1.29046872097,Building,,01 17 25.68740N,103 46 54.84491E,PGP Residence Block 29/30,0.0,291.75751048,617.946484476,0.0,57.97872,33.817575,51.108704,0.0,B1217,OSM - as it is,dormitory,8,0,24,3
533,472,0.0,103.772375126,1.30633428023,Building,,01 18 22.80341N,103 46 20.55045E,,0.0,202.887597638,1142.35056352,102.4,102.4,102.4,102.4,102.4,B1314,OSM - as it is,yes,4,1,12,3
363,253,623.721478344,103.781698315,1.29028465998,Building,,01 17 25.02478N,103 46 54.11393E,PGP Residence Block 27/28,0.0,285.610095033,623.721478344,0.0,55.196421,31.913846,48.447581,0.0,B1216,OSM - as it is,dormitory,8,0,24,3
318,215,753.339281632,103.77137806,1.29540183798,Building,,01 17 43.44662N,103 46 16.96101E,LT11,0.0,122.945735945,753.339281632,0.0,33.293299,27.981684,30.713888,30.713888,B1145,User - Input,yes,2,1,6,3
158,102,740.014578081,103.778807114,1.29670713397,Building,,01 17 48.14568N,103 46 43.70561E,S11,0.0,163.667376023,740.014578081,0.0,43.182771,30.040791,38.802771,38.802771,B1098,User - Input,yes,5,1,15,3
320,216,596.563992844,103.770904367,1.29507022194,Building,,01 17 42.25280N,103 46 15.25572E,LT13,0.0,105.488657007,596.563992844,0.0,36.338605,30.264862,33.648132,33.648132,B1148,User - Input,yes,2,1,6,3
448,349,6003.17509374,103.772932974,1.3058916421,Building,,01 18 21.20991N,103 46 22.55871E,Education Resource Centre,1.54874957154,606.118404423,6003.17509374,27.7,27.7,27.7,27.7,27.7,B1043,OSM - as it is,yes,5,1,15,3
86,45,744.768781555,103.777740921,1.29864368839,Building,,01 17 55.11728N,103 46 39.86732E,SRC Mini Grand Stand,0.0,176.831999088,744.768781555,0.0,0.0,0.0,0.0,0.0,B1334,OSM - median values of all buildings,grandstand,1,1,3,3
450,351,587.54701164,103.773844931,1.3059235062,Building,,01 18 21.32462N,103 46 25.84175E,,0.0,114.760484913,587.54701164,26.8,26.8,26.8,26.8,26.8,B1029,OSM - as it is,yes,5,1,15,3
236,168,685.164338694,103.776811344,1.29553834097,Building,,01 17 43.93803N,103 46 36.52084E,,0.0,92.7902420073,685.164338694,0.0,86.231609,78.200803,84.072769,0.0,B1194,User - Input,yes,1,1,9,3
80,39,611.58631381,103.776405242,1.29813296475,Building,,01 17 53.27867N,103 46 35.05887E,Ridge View Residence H1C,1.05853837544,185.264464781,611.58631381,0.0,35.977456,29.590893,34.932238,0.0,B1254,User - Input,residential,4,0,12,3
416,290,631.207946897,103.772238594,1.29263969316,Building,,01 17 33.50290N,103 46 20.05894E,Temasek Hall H5E,0.60539701297,172.223823997,631.207946897,0.0,36.400936,31.331027,36.400936,36.400936,B1189,User - Input,yes,4,0,12,3
176,110,664.631201441,103.780851105,1.29562398754,Building,,01 17 44.24636N,103 46 51.06398E,,0.0,134.895078828,664.631201441,0.0,47.051755,41.101875,47.051755,47.051755,B1132,User - Input,yes,5,0,15,3
128,74,613.544134733,103.773611188,1.30034341682,Building,,01 18 01.23630N,103 46 25.00028E,Kuok Foundation House,0.0,201.10752701,613.544134733,0.0,48.54921,35.059514,44.15399,0.0,B1237,User - Input,yes,8,0,24,3
421,294,693.005110124,103.770557166,1.2926433289,Building,,01 17 33.51598N,103 46 14.00580E,Temasek Hall H5B,0.80312610468,181.312121827,693.005110124,0.0,28.418482,17.04772,28.418482,28.418482,B1190,User - Input,yes,4,0,12,3
24,13,921.019078123,103.771103139,1.30000773631,Building,,01 18 00.02785N,103 46 15.97130E,LT7,0.0,165.016391223,921.019078123,0.0,51.441362,36.217656,48.429102,48.429102,B1054,OSM - as it is,yes,3,1,9,3
417,291,680.453037144,103.770967582,1.292633387,Building,,01 17 33.48019N,103 46 15.48330E,Temasek Hall H5C,0.30530535468,184.778019694,680.453037144,0.0,33.453397,25.434347,33.453397,33.453397,B1188,User - Input,yes,4,0,12,3
423,296,679.649580557,103.769674406,1.29350846903,Building,,01 17 36.63049N,103 46 10.82786E,Temasek Hall H6A,0.85023589406,182.195625818,679.649580557,0.0,28.97696,17.243215,25.719978,0.0,B1184,User - Input,yes,4,0,12,3
258,184,687.598808874,103.773043389,1.30051201866,Building,,01 18 01.84327N,103 46 22.95620E,Raffles Hall H3D,3.66954077997,206.319218652,687.598808874,0.0,29.404532,20.434321,24.622431,0.0,B1233,User - Input,yes,3,0,9,3
414,289,706.22335631,103.771816904,1.29264820414,Building,,01 17 33.53353N,103 46 18.54085E,Temasek Hall H5D,0.85750856857,188.066218644,706.22335631,0.0,34.065752,21.899412,34.065752,34.065752,B1187,User - Input,yes,4,0,12,3
427,299,684.488635849,103.770161463,1.29290310259,Building,,01 17 34.45117N,103 46 12.58127E,Temasek Hall H6C,1.10895448217,172.761654509,684.488635849,0.0,30.920493,25.270366,28.225237,28.207526,B1182,User - Input,yes,4,0,12,3
565,49,2308.78598878,103.781063042,1.29704251418,Building,,01 17 49.35305N,103 46 51.82695E,LT27,0.0,116.549486614,712.987229536,0.0,29.698352,25.448667,27.338528,27.338528,B1118,User - Input,yes,3,1,9,3
426,298,719.047776129,103.770410287,1.29323961278,Building,,01 17 35.66261N,103 46 13.47703E,Temasek Hall H6D,0.0,178.128583357,719.047776129,0.0,35.711309,27.490252,32.535041,0.0,B1180,User - Input,yes,4,0,12,3
494,470,0.0,103.772044702,1.30577191795,Building,,01 18 22.02523N,103 46 18.91545E,,2.05760158196,515.958303374,2594.11589364,75.7,75.7,75.7,75.7,75.7,B1313,OSM - as it is,yes,5,1,15,3
465,387,2758.87080917,103.773618575,1.3064740439,Building,,01 18 22.11421N,103 46 25.37392E,Tembusu College,0.0,263.769033042,2758.87080917,89.2,89.2,89.2,89.2,89.2,B1033,OSM - as it is,yes,21,1,63,3
463,387,2758.87080917,103.773618575,1.3064740439,Building,,01 18 22.11421N,103 46 25.37392E,Tembusu College,0.0,263.769033042,2758.87080917,89.2,89.2,89.2,89.2,89.2,B1030,OSM - as it is,yes,21,1,63,3
112,63,692.648243902,103.779217265,1.29582548156,Building,,01 17 44.97173N,103 46 45.18215E,S4A,0.0,120.69914869,692.648243902,0.0,39.333765,27.676011,38.222487,0.0,B1108,User - Input,yes,3,0,9,3
352,242,819.050383999,103.782071444,1.29078573707,Building,,01 17 26.82865N,103 46 55.45720E,PGP Residence C2,0.0,134.677130185,819.050383999,0.0,40.245714,27.967922,39.095706,39.095706,B1323,OSM - as it is,yes,2,0,6,3
239,172,703.494462581,103.773712093,1.3020328019,Building,,01 18 07.31809N,103 46 25.36354E,,0.0,118.130597617,703.494462581,0.0,15.911857,15.343576,15.911857,15.911857,B1028,User - Input,yes,2,1,6,3
511,443,990.39765126,103.770298083,1.30260079711,Building,,01 18 09.36287N,103 46 13.07310E,Kent Vale,0.0,187.655803025,990.39765126,97.1,97.1,97.1,97.1,97.1,B1359,OSM - as it is,apartments,26,1,78,3
137,86,746.252236863,103.774218805,1.29755421526,Building,,01 17 51.19517N,103 46 27.18770E,S2S,0.0,116.782784433,746.252236863,0.0,83.5,68.662069,83.5,83.5,B1193,User - Input,yes,3,0,9,3
261,187,917.790818176,103.775741234,1.29924778766,Building,,01 17 57.29204N,103 46 32.66844E,NUS Staff Club,0.0,152.330392571,917.791984559,0.0,30.540299,27.214868,30.540299,30.540299,B1019,OSM - as it is,yes,3,1,9,3
452,353,759.502364764,103.773293491,1.30700229804,Building,,01 18 25.20827N,103 46 23.85657E,Chua Thian Poh Hall,0.0,110.26026477,759.502364764,24.5,24.5,24.5,24.5,24.5,B1038,User - Input,yes,3,1,9,3
431,302,789.237310955,103.770261583,1.29349972606,Building,,01 17 36.59901N,103 46 12.94170E,Eusoff Hall H6E,0.49924223128,249.738865907,789.237310955,0.0,37.135934,24.518839,32.820075,0.0,B1181,User - Input,yes,4,0,12,3
94,49,2308.78598878,103.781063042,1.29704251418,Building,,01 17 49.35305N,103 46 51.82695E,,0.0,160.008312614,827.402819725,0.0,26.388526,19.526116,19.890969,26.388526,B1119,OSM - median values of all buildings,yes,1,1,3,3
509,441,990.399323937,103.769572346,1.30224088871,Building,,01 18 08.06720N,103 46 10.46045E,Kent Vale,0.0,187.655868529,990.399323937,99.8,99.8,99.8,99.8,99.8,B1360,OSM - as it is,apartments,26,1,78,3
422,295,950.785310287,103.770810082,1.2930143062,Building,,01 17 34.85150N,103 46 14.91630E,Temasek Hall H5A,1.33448853455,236.409722975,950.785310287,0.0,35.993397,22.712855,35.993397,35.993397,B1186,User - Input,yes,4,0,12,3
377,259,827.56365126,103.779172648,1.2956242581,Building,,01 17 44.24733N,103 46 45.02153E,S4,0.0,159.72194956,827.56365126,0.0,54.540314,46.500883,50.645313,50.645313,B1107,User - Input,yes,6,0,18,3
461,384,1758.94508896,103.774630721,1.30321614704,Building,,01 18 11.57813N,103 46 28.67059E,,0.0,181.975114894,1758.94508896,23.1,23.1,23.1,23.1,23.1,B1325,OSM - median values of all buildings,yes,1,1,3,3
510,442,990.395052207,103.77004658,1.30217537822,Building,,01 18 07.83136N,103 46 12.16769E,Kent Vale,0.0,187.655587557,990.395052207,97.9,97.9,97.9,97.9,97.9,B1355,OSM - as it is,apartments,26,1,78,3
81,40,936.195891856,103.77674839,1.29792624043,Building,,01 17 52.53447N,103 46 36.29420E,Ridge View Tower Block,0.0,280.802362475,936.195891856,0.0,48.254516,42.120803,46.134862,0.0,B1252,User - Input,residential,8,0,24,3
97,53,830.603846637,103.77864552,1.29698661617,Building,,01 17 49.15182N,103 46 43.12387E,S12,0.0,154.580004615,830.603846637,0.0,43.902771,33.078109,38.802771,38.802771,B1097,OSM - as it is,school,5,0,15,3
185,115,1005.34774673,103.781325788,1.29668920102,Building,,01 17 48.08112N,103 46 52.77284E,MD9,0.0,210.91673087,1005.34774673,0.0,38.313525,29.974779,33.243525,33.243525,B1120,User - Input,yes,4,0,12,3
359,248,1575.73550101,103.779707081,1.29123774652,Building,,01 17 28.45589N,103 46 46.94549E,PGP Residence Block 15/16/17/18/19,0.0,712.643602483,1575.73550101,0.0,47.881896,24.75297,41.297607,0.0,B1197,OSM - as it is,dormitory,8,0,24,3
102,57,973.628987545,103.77887878,1.29634922231,Building,,01 17 46.85720N,103 46 43.96361E,S7,0.0,157.599311322,973.628987545,0.0,41.707242,35.618594,37.802771,37.802771,B1100,User - Input,yes,5,0,15,3
164,475,0.0,0.0,0.0,Building,,01 17 46.82468N,103 46 47.43492E,Frontier,5.2333585764,333.54629263,2863.83898741,0.0,30.342771,25.110491,26.445823,26.445823,B1258,User - Input,yes,2,1,6,3
382,269,1090.56256982,103.780991171,1.29572728799,Building,,01 17 44.61824N,103 46 51.56821E,MD4,0.0,191.311143828,1090.56256982,0.0,51.146755,43.923957,47.051755,47.051755,B1130,User - Input,yes,5,0,15,3
471,401,1080.28823275,103.773331348,1.30821943457,Building,,01 18 29.58996N,103 46 23.99285E,Residential College 4,0.0,164.550204184,1080.28823275,85.8,85.8,85.8,85.8,85.8,B1040,OSM - as it is,yes,19,0,57,3
155,101,1018.46404059,103.77936431,1.29611238634,Building,,01 17 46.00459N,103 46 45.71152E,S8,0.0,210.286087701,1018.94455969,0.0,46.867771,37.235538,43.197771,43.197771,B1101,User - Input,yes,5,0,15,3
195,122,1060.14238625,103.778679342,1.29559440545,Building,,01 17 44.13986N,103 46 43.24563E,S3,0.0,203.865408301,1060.14238625,0.0,62.680314,50.521901,55.642701,54.335314,B1105,User - Input,yes,6,0,18,3
472,402,988.839431432,103.77296461,1.30835132834,Building,,01 18 30.06478N,103 46 22.67260E,,0.0,136.175009929,988.839431432,32.9,32.9,32.9,32.9,32.9,B1039,OSM - as it is,yes,4,0,12,3
507,434,1110.31442245,103.769367138,1.30176086564,Building,,01 18 06.33912N,103 46 09.72170E,Kent Vale,0.0,167.237019049,1110.31442245,19.6,19.6,19.6,19.6,19.6,B1352,OSM - median values of all buildings,yes,1,1,3,3
506,433,1013.01033174,103.769001605,1.30138319169,Building,,01 18 04.97949N,103 46 08.40578E,Kent Vale,0.0,161.307750205,1013.01033174,21.8,21.8,21.8,21.8,21.8,B1353,User - Input,yes,2,0,6,0
123,70,975.984991594,103.781133604,1.29534999322,Building,,01 17 43.25998N,103 46 52.08097E,MD3,0.0,152.668934037,975.984991594,0.0,55.356755,46.790619,51.376755,51.376755,B1135,User - Input,yes,5,0,15,3
470,400,1068.96322136,103.773161913,1.30759136117,Building,,01 18 27.32890N,103 46 23.38289E,College of Alice & Peter Tan,0.0,148.100150557,1068.96322136,84.6,84.6,84.6,84.6,84.6,B1034,OSM - as it is,yes,19,0,57,3
166,105,1006.00570858,103.779739528,1.29684860189,Building,,01 17 48.65497N,103 46 47.06230E,S14,0.0,169.638300829,1006.00570858,0.0,46.480822,39.936593,43.217839,42.330822,B1093,OSM - as it is,school,6,0,18,3
71,30,1829.70655579,103.77270916,1.29860664444,Building,,01 17 54.98392N,103 46 21.75298E,E4A,0.0,287.193911571,1829.70655579,0.0,62.134887,36.94878,57.490519,0.0,B1050,OSM - as it is,yes,8,0,24,3
454,355,1287.78919299,103.773111397,1.30729810978,Building,,01 18 26.27320N,103 46 23.20103E,UTown Auditorium 3,0.0,157.299448024,1287.78919299,26.0,26.0,26.0,26.0,26.0,B1035,OSM - as it is,yes,4,0,12,3
464,387,2758.87080917,103.773618575,1.3064740439,Building,,01 18 22.11421N,103 46 25.37392E,Tembusu College,0.0,263.769033042,2758.87080917,89.2,89.2,89.2,89.2,89.2,B1031,OSM - as it is,yes,4,1,12,3
88,47,1060.74434514,103.780244987,1.2971352648,Building,,01 17 49.68695N,103 46 48.88195E,S15,0.0,196.596070761,1060.74434514,0.0,46.315822,40.500921,43.710822,37.830822,B1115,User - Input,school,6,0,18,3
114,65,1182.38164437,103.78114722,1.29604731536,Building,,01 17 45.77034N,103 46 52.12999E,MD7,0.0,230.423416348,1182.38164437,0.0,48.531755,34.307465,41.961755,41.961755,B1125,User - Input,yes,5,0,15,3
22,11,1148.23622308,103.78053821,1.29770399736,Building,,01 17 51.73439N,103 46 49.93756E,S17,0.0,231.619517673,1685.21816088,0.0,61.253585,45.616453,51.093587,55.563585,B1142,OSM - as it is,yes,9,0,27,3
99,54,1141.49707262,103.779238888,1.29675118399,Building,,01 17 48.30426N,103 46 45.26000E,S13,0.0,177.852460367,1141.49707262,0.0,46.137771,38.725405,43.182771,43.182771,B1099,OSM - as it is,school,6,0,18,3
304,211,1321.88263596,103.77181879,1.29417159782,Building,,01 17 39.01775N,103 46 18.54764E,AS5,0.0,266.813688977,1321.88263596,0.0,55.776996,47.605028,52.628845,48.888157,B1168,OSM - as it is,yes,6,0,18,3
438,309,1102.2641699,103.776697877,1.29391266045,Building,,01 17 38.08558N,103 46 36.11236E,,0.0,178.487371379,1102.2641699,0.0,41.484517,25.933013,40.127984,0.0,B1177,OSM - as it is,yes,5,1,15,3
498,471,0.0,103.771961124,1.30635615683,Building,,01 18 22.02523N,103 46 18.91545E,,0.0,305.862572238,2081.37960317,21.0,21.0,21.0,21.0,21.0,B1312,OSM - as it is,yes,5,1,15,3
95,50,1144.85306766,103.781827826,1.29647929661,Building,,01 17 47.32547N,103 46 54.58018E,MD10,0.0,172.146112412,1144.85306766,0.0,38.313525,30.536494,33.463525,33.463525,B1121,User - Input,yes,4,0,12,3
151,94,1224.91573092,103.774791656,1.30142898071,Building,,01 18 05.14433N,103 46 29.24996E,PUB Substation (66KV),0.0,142.637825996,1224.91573092,11.584151,20.345716,16.769567,20.345716,20.345716,B1021,User - Input,yes,2,1,6,3
108,60,1351.72936483,103.778027674,1.29549238893,Building,,01 17 43.77260N,103 46 40.89963E,S2,0.0,280.51686539,1351.72936483,0.0,61.16704,33.037771,58.760314,0.0,B1104,User - Input,yes,6,0,18,3
183,114,1355.45266445,103.78141334,1.2962769045,Building,,01 17 46.59686N,103 46 53.08803E,DSO (Kent Ridge),0.0,185.952798381,1355.45266445,0.0,93.608525,78.807116,93.308525,93.308525,B1124,User - Input,yes,14,1,42,3
405,285,1524.84868496,103.771287839,1.29478616565,Building,,01 17 41.23020N,103 46 16.63622E,AS3,0.94634052662,373.263558804,1524.84868496,0.0,47.012001,23.805329,34.011466,0.0,B1150,OSM - as it is,yes,6,0,18,3
332,220,2448.759043,103.774380958,1.29177237612,Building,,01 17 30.38055N,103 46 27.77145E,Kent Ridge Hall Communal Hall,0.0,433.082269893,2448.759043,0.0,33.580825,15.323856,23.746997,0.0,B1293,User - Input,residential,7,0,21,3
393,283,1578.93202331,103.771333815,1.29520118375,Building,,01 17 42.72426N,103 46 16.80173E,AS2,0.2928334007,406.803818357,1578.93202331,0.0,48.920651,35.860396,41.935283,0.0,B1146,OSM - as it is,yes,6,0,18,3
521,467,0.0,103.772265695,1.30801018425,Building,,01 18 28.83666N,103 46 20.15650E,Cendana College,0.0,452.085684692,2854.06279209,115.7,115.7,115.7,115.7,115.7,B1304,OSM - as it is,yes,4,1,12,3
432,303,1378.0541326,103.770015038,1.29401420178,Building,,01 17 38.45113N,103 46 12.05414E,Eusoff Hall Communal Hall,0.0,228.595762798,1378.0541326,0.0,35.102138,22.510646,30.653489,0.0,B1183,User - Input,yes,4,0,12,3
308,213,1761.05483594,103.772135391,1.29519220941,Building,,01 17 42.69195N,103 46 19.68741E,AS1,0.0,481.711643239,1761.05487784,0.0,57.644121,39.793466,56.028335,0.0,B1147,OSM - as it is,yes,6,0,18,3
458,377,1683.4630928,103.77325469,1.30788405695,Building,,01 18 28.38261N,103 46 23.71688E,,0.0,177.180099095,1683.4630928,31.2,31.2,31.2,31.2,31.2,B1036,OSM - as it is,yes,5,0,15,3
293,206,1710.73364957,103.773127146,1.2956611816,Building,,01 17 44.38025N,103 46 23.25772E,AS6,0.0,330.165905411,1710.84224577,0.0,62.811512,53.080265,61.624107,60.242506,B1016,OSM - as it is,yes,6,0,18,3
84,43,1841.83399066,103.776442113,1.29908909835,Building,,01 17 56.72075N,103 46 35.19161E,University Health Centre,0.0,290.040970373,1841.83399066,0.0,28.376381,23.730391,24.598049,22.724309,B1001,OSM - as it is,yes,3,0,9,3
399,284,1864.20468156,103.771797771,1.29459203939,Building,,01 17 40.53134N,103 46 18.47198E,AS4,0.0,376.162491344,1864.20468156,0.0,64.068515,40.158156,51.462672,0.0,B1153,OSM - as it is,yes,6,0,18,3
500,427,1491.77533095,103.767331603,1.30243085416,Building,,01 18 08.75107N,103 46 02.39377E,Kent Vale,0.0,316.916220593,1491.77533095,57.3,57.3,57.3,57.3,57.3,B1348,User - Input,apartments,12,0,36,0
162,475,0.0,0.0,0.0,Building,,01 17 46.82468N,103 46 47.43492E,Frontier,5.2333585764,333.54629263,2863.83898741,0.0,30.342771,25.110491,26.445823,26.445823,B1122,User - Input,yes,2,1,6,3
504,431,1492.48512361,103.768083949,1.30077603906,Building,,01 18 02.79374N,103 46 05.10222E,Kent Vale,0.0,316.565381535,1492.48512361,63.3,63.3,63.3,63.3,63.3,B1350,User - Input,apartments,12,0,36,0
502,429,1490.61287431,103.768546501,1.30199386258,Building,,01 18 07.17791N,103 46 06.76740E,Kent Vale,0.0,316.676794582,1490.61287431,54.9,54.9,54.9,54.9,54.9,B1347,User - Input,apartments,12,0,36,0
501,428,1491.46606919,103.767862842,1.30223672213,Building,,01 18 08.05220N,103 46 04.30623E,Kent Vale,0.0,316.506716275,1491.46606919,59.9,59.9,59.9,59.9,59.9,B1346,User - Input,apartments,12,0,36,0
538,193,7076.35213677,103.773984276,1.29449151286,Building,,01 17 40.16945N,103 46 26.34340E,COM2,4.3534262231,413.369773622,1994.49105304,0.0,52.359204,42.479665,42.836852,42.084107,B1012,OSM - as it is,yes,4,0,12,3
59,26,1489.26364726,103.772513637,1.297561667,Building,,01 17 51.22200N,103 46 21.04909E,NUS Infomation Technology,0.0,202.162226499,1489.26364726,0.0,67.917967,60.243354,63.499877,61.024923,B1002,OSM - as it is,yes,5,0,15,3
411,287,1551.51248309,103.771343003,1.29271956217,Building,,01 17 33.79042N,103 46 16.83481E,Temasek Hall Communal Hall,0.0,194.69238745,1551.51248309,0.0,41.259935,29.150982,33.151106,0.0,B1185,User - Input,yes,4,0,12,3
460,418,4135.80842723,103.773870083,1.30513190563,Building,,01 18 19.63863N,103 46 26.49359E,,1.85579651383,643.026518512,4135.80842723,102.3,102.3,102.3,102.3,102.3,B1343,OSM - as it is,yes,25,0,75,3
505,432,1489.46195033,103.768747338,1.30252520124,Building,,01 18 09.09072N,103 46 07.49042E,Kent Vale,0.0,316.665325065,1489.46195033,48.9,48.9,48.9,48.9,48.9,B1349,User - Input,apartments,12,0,36,0
503,430,1492.48970953,103.768285267,1.30130732994,Building,,01 18 04.70639N,103 46 05.82696E,Kent Vale,0.0,316.552002063,1492.48970953,50.5,50.5,50.5,50.5,50.5,B1345,User - Input,apartments,12,0,36,0
48,20,1453.5111136,103.771419651,1.29698097144,Building,,01 17 49.13150N,103 46 17.11074E,Centre for English Language Communication,0.0,198.687634067,1453.82648451,0.0,50.543205,38.44569,45.375479,45.375479,B1086,User - Input,yes,2,0,12,3
130,76,1558.23947679,103.773711149,1.29917894856,Building,,01 17 57.04421N,103 46 25.36014E,Runme Shaw CFA Studios,0.0,225.700806587,1558.23947679,0.0,36.414682,26.406628,29.248864,27.184446,B1018,User - Input,yes,3,0,9,3
194,121,1769.32889833,103.77971155,1.29552821165,Building,,01 17 43.90156N,103 46 46.96158E,S5,0.0,179.209517904,1535.1005129,0.0,55.766724,45.400219,51.131724,51.131724,B1109,User - Input,yes,6,0,18,3
129,75,1752.3090362,103.773899757,1.29987013617,Building,,01 17 59.53249N,103 46 26.03913E,Raffles Hall Communal Hall,0.0,307.824692696,1752.3090362,0.0,27.6462,20.858182,24.156534,0.0,B1238,User - Input,yes,3,0,9,3
31,15,1632.33214,103.771186472,1.29933160876,Building,,01 17 57.59379N,103 46 16.27130E,E2,0.0,283.257618952,1812.62962998,0.0,75.667946,64.251332,71.41983,75.667946,B1058,OSM - as it is,yes,6,0,18,3
287,202,1613.04149231,103.773775258,1.29691415371,Building,,01 17 48.89095N,103 46 25.59093E,Central Library Annexe,0.0,206.93527583,1613.04149231,0.0,80.341333,65.391914,76.095125,77.694213,B1090,OSM - as it is,yes,6,0,18,3
89,48,1592.33791841,103.780386232,1.29675532295,Building,,01 17 48.31916N,103 46 49.39043E,S16,0.4185584875,227.617582933,1592.33789128,16.875822,59.815822,54.133441,55.355822,55.355822,B1114,User - Input,yes,9,0,27,3
126,72,1719.26974093,103.781195188,1.2949510474,Building,,01 17 41.82377N,103 46 52.30268E,MD2,0.0,240.30470303,1719.26974093,0.0,112.386755,43.546065,44.891755,44.891755,B1136,User - Input,yes,5,0,15,3
205,130,1918.01176936,103.780898874,1.29225119294,Building,,01 17 32.10429N,103 46 51.23595E,KE VII Hall Communal Hall,0.0,243.239020298,1918.01176936,0.0,60.525725,49.844479,54.276223,0.0,B1220,OSM - as it is,yes,3,0,9,3
192,120,2077.60702728,103.780230662,1.29510713726,Building,,01 17 42.38569N,103 46 48.83038E,S6,0.0,244.090244756,1660.29161161,50.928511,59.400941,55.035258,55.766724,55.766724,B1138,User - Input,yes,6,0,18,3
104,58,1662.81990487,103.778354336,1.29602051779,Building,,01 17 45.67386N,103 46 42.07561E,S1A,3.11051364131,222.801259873,1662.81990487,0.0,67.145315,58.828169,63.905315,63.905315,B1102,User - Input,yes,6,0,18,3
36,16,1735.14318366,103.770782345,1.29938472923,Building,,01 17 57.78503N,103 46 14.81644E,E1A,0.0,224.34753376,1735.14318366,0.0,70.164425,48.900035,41.350457,0.0,B1064,User - Input,yes,8,0,27,3
307,212,1808.75752679,103.771093539,1.29435208387,Building,,01 17 39.66750N,103 46 15.93674E,AS7 (Shaw Foundation Building),0.0,234.29199552,1808.75752679,0.0,59.060062,41.780659,54.50782,54.50782,B1163,User - Input,university,6,0,18,3
554,203,6688.86510339,103.773169075,1.29665852305,Building,,01 17 47.97068N,103 46 23.40867E,Chinese Library,0.0,172.744931639,1771.54750481,0.0,63.159796,59.106892,61.880583,54.564418,B1089,OSM - as it is,yes,7,1,21,3
7,6,4120.59857772,103.776018244,1.30032320804,Building,,01 18 01.16355N,103 46 33.66568E,SRC2,0.0,353.740424483,4120.59857772,0.0,23.642357,21.451619,22.416483,23.642357,B1022,User - Input,yes,2,0,6,3
272,196,1826.99699694,103.774393118,1.29423661045,Building,,01 17 39.25180N,103 46 27.81522E,The Terrace,0.0,195.210583696,1826.99699694,0.0,48.704108,35.576335,38.37125,37.307521,B1011,OSM - as it is,yes,2,1,6,3
75,33,1957.82526168,103.771515565,1.29793499769,Building,,01 17 52.56599N,103 46 17.45604E,Techno Edge,0.0,219.392458656,1957.82526168,0.0,0.0,0.0,0.0,0.0,B1302,OSM - as it is,yes,3,1,9,3
49,21,2077.78049976,103.77111042,1.29728136761,Building,,01 17 50.21292N,103 46 15.99751E,SDE2,0.0,353.243517528,2077.77151659,0.0,55.169528,35.706643,42.558043,0.0,B1081,OSM - as it is,yes,5,1,15,3
243,177,1938.01330692,103.77142179,1.30027546761,Building,,01 18 00.99168N,103 46 17.11844E,E3A,0.0,243.858737678,1938.01330692,0.0,61.726991,50.130537,57.336982,57.336982,B1055,OSM - as it is,yes,7,0,21,3
46,19,3176.70027614,103.770553054,1.29734194538,Building,,01 17 50.43100N,103 46 13.99100E,SDE1,2.05522825544,356.136010597,3176.70027614,0.0,50.418804,44.808038,47.538598,0.0,B1082,OSM - as it is,yes,6,1,18,3
459,418,4135.80842723,103.773870083,1.30513190563,Building,,01 18 19.63863N,103 46 26.49359E,,1.85579651383,643.026518512,4135.80842723,102.3,102.3,102.3,102.3,102.3,B1342,OSM - as it is,yes,26,0,78,3
443,342,2224.56067437,103.774251116,1.30430568655,Building,,01 18 15.50047N,103 46 27.30402E,,0.0,303.958463204,2224.56067437,59.2,59.2,59.2,59.2,59.2,B1251,OSM - as it is,yes,7,1,21,3
342,229,1924.69966993,103.775110492,1.29561223342,Building,,01 17 44.20404N,103 46 30.39777E,Singapore Synchrotron Light Source,0.0,188.19869302,1924.69966993,0.0,0.0,0.0,0.0,0.0,B1017,User - Input,yes,2,0,6,3
244,179,2558.00384559,103.772458869,1.29802036553,Building,,01 17 52.87332N,103 46 20.85193E,E5,0.0,394.405681465,2558.00384559,0.0,71.437798,66.161005,68.592829,68.592829,B1005,OSM - as it is,yes,4,1,12,3
385,477,0.0,0.0,0.0,Building,,01 17 52.07481N,103 46 36.01642E,RVR Annex,28.2247180884,236.728003525,2219.420627,0.0,37.501317,32.178305,37.501317,37.501317,B1291,User - Input,yes,4,0,12,3
146,91,3043.20288368,103.780555678,1.29539405952,Building,,01 17 43.41861N,103 46 50.00044E,MD1 (Tahir Foundation Building),0.0,298.978860526,3043.20288368,0.0,117.506755,93.289792,112.386755,112.386755,B1134,OSM - as it is,yes,18,0,54,3
381,46,2010.1209467,103.781764916,1.29691243146,Building,,01 17 48.98490N,103 46 52.91165E,,4.09848460404,358.361553894,2010.1209467,0.0,32.958525,25.429997,30.528524,30.528524,B1140,OSM - as it is,yes,4,1,12,3
78,36,2062.68019243,103.773054361,1.29919138877,Building,,01 17 57.08900N,103 46 22.99570E,Data Science Institute,0.0,216.797117782,2062.68019243,0.0,60.946125,46.549318,60.946125,60.946125,B1048,OSM - as it is,yes,8,1,24,3
77,35,2383.41668274,103.77251068,1.29917896407,Building,,01 17 57.04427N,103 46 21.03845E,EW2,0.0,239.700196836,2383.41668274,0.0,62.134729,50.790011,56.032923,56.032923,B1049,OSM - as it is,yes,7,0,21,3
20,10,2311.36556085,103.770212527,1.29533189183,Building,,01 17 43.19481N,103 46 12.76510E,Ventus (UCI),0.0,437.851615908,2311.36556085,0.0,36.692011,31.899352,31.695964,31.695964,B1286,User - Input,yes,3,0,9,3
8,6,4120.59857772,103.776018244,1.30032320804,Building,,01 18 01.16355N,103 46 33.66568E,SRC2,0.0,353.740424483,4120.59857772,0.0,23.642357,21.451619,22.416483,23.642357,B1178,User - Input,yes,2,0,6,3
274,197,2584.90104068,103.774475913,1.29306872874,Building,,01 17 35.04742N,103 46 28.11329E,Hon Sui Sen Memorial LIbrary,0.0,340.90055441,2584.90104068,0.0,39.39797,29.873546,35.56797,35.56797,B1007,User - Input,yes,4,0,12,3
551,0,0.0,0.0,0.0,Building,,,,,0.0,206.412465979,2248.27862806,0.0,113.441143,93.70826,107.841143,107.841143,B1112,User - Input,yes,16,1,48,3
285,201,2309.39887983,103.77411144,1.2925187462,Building,,01 17 33.06749N,103 46 26.80119E,BIZ1 (Mochtar Riady Building),0.0,205.135271803,2309.39887983,17.637578,56.732578,55.933284,56.732578,56.732578,B1087,OSM - as it is,yes,9,0,27,3
96,51,2489.89162457,103.781786425,1.29599918152,Building,,01 17 45.59705N,103 46 54.43113E,MD11 (Clinical Research Centre),0.0,207.368236336,2489.89162457,0.0,56.792493,49.358162,56.792493,56.792493,B1126,User - Input,yes,8,0,24,3
290,204,2628.50017612,103.773617153,1.29319717953,Building,,01 17 35.50985N,103 46 25.02175E,Shaw Foundation Alumni House,0.39316607522,322.488690292,2628.50017612,0.0,52.579433,41.555442,47.496176,47.496176,B1170,User - Input,yes,5,0,15,3
517,465,0.0,103.772006162,1.3073038521,Building,,01 18 26.29387N,103 46 19.22218E,,0.0,226.959549985,2356.14092004,23.6,23.6,23.6,23.6,23.6,B1316,OSM - as it is,yes,4,1,12,3
127,73,3142.67445848,103.781711483,1.29529283067,Building,,01 17 43.05419N,103 46 54.16134E,MD6 (Centre for Translational Medicine),0.0,267.957420545,2458.37070206,0.0,115.787493,79.163046,106.322493,106.322493,B1137,User - Input,yes,19,0,57,3
262,189,2537.16848435,103.776557261,1.2921441484,Building,,01 17 31.71893N,103 46 35.60614E,Institute of System Science,0.0,249.466191985,2537.16848435,0.0,52.92405,36.4335,47.41405,48.82905,B1341,OSM - as it is,university,5,0,15,3
549,0,0.0,0.0,0.0,Building,,,,,0.0,223.278965466,2506.58505841,0.0,71.398098,58.596432,66.538603,66.538603,B1000,NUS - OED,yes,7,0,21,3
41,17,2789.85675234,103.771140316,1.29867897734,Building,,01 17 55.24432N,103 46 16.10514E,E1,0.0,442.885857235,2789.85675234,0.0,74.638862,57.129394,67.479094,55.68527,B1063,OSM - as it is,yes,9,0,27,3
548,0,0.0,0.0,0.0,Building,,,,,0.0,229.545055153,2871.09937843,0.0,46.310095,28.922604,41.360087,0.0,B1295,OSM - as it is,university,7,1,21,3
76,34,2396.82880784,103.772108979,1.2997441679,Building,,01 17 59.07900N,103 46 19.59232E,T-Lab,0.0,241.885126749,2396.82880784,0.0,80.926813,69.288969,75.486807,67.536808,B1047,OSM - as it is,yes,11,0,33,3
6,4,7386.63359617,103.772875535,1.29378812267,Building,,01 17 37.63724N,103 46 22.35193E,Kent Ridge Guild House,0.0,472.108598256,7386.63359617,0.0,43.336176,34.40843,40.372402,40.976176,B1332,User - Input,yes,2,1,6,3
280,200,2892.57173771,103.774956969,1.29351058307,Building,,01 17 36.63810N,103 46 29.84509E,BIZ2,2.4181104797,531.749581816,2892.57173771,0.0,48.496464,40.011789,44.20705,41.803955,B1010,User - Input,yes,4,0,12,3
301,210,2591.66539939,103.772486003,1.29467709272,Building,,01 17 40.83753N,103 46 20.94961E,The Deck,0.0,234.078582868,2591.66539939,0.0,64.068515,31.810058,49.157778,49.157778,B1088,User - Input,yes,2,1,6,3
27,14,4098.47335666,103.771754163,1.29947541265,Building,,01 17 58.11149N,103 46 18.31499E,E3,0.0,514.08131395,4098.47335666,0.0,71.228571,45.28142,55.066702,56.604923,B1053,OSM - as it is,yes,6,0,18,3
3,2,5936.72714275,103.777688865,1.29708304212,Building,,01 17 49.49895N,103 46 39.67991E,University Hall,5.36036266096,429.662939027,5936.72714275,0.0,63.402751,50.218364,50.772751,46.392751,B1092,OSM - as it is,yes,6,0,18,3
512,444,3427.97384006,103.76984964,1.30277315523,Building,,01 18 09.98336N,103 46 11.45871E,Kent Vale,0.0,325.703223646,3427.97384006,17.3,17.3,17.3,17.3,17.3,B1354,User - Input,service,3,0,9,0
60,27,3173.05822262,103.77219801,1.29850641439,Building,,01 17 54.62309N,103 46 19.91284E,E4,0.0,567.828506885,3173.05822262,0.0,75.273525,61.014052,71.192803,71.228571,B1052,OSM - as it is,yes,8,0,24,3
435,306,3119.91619275,103.776948175,1.29434285266,Building,,01 17 39.63427N,103 46 37.01343E,Temasek Life Science Laboratory,0.0,315.437841707,3119.91619275,0.0,60.90769,57.134311,60.90769,60.90769,B1025,User - Input,yes,5,1,15,3
11,7,3307.68695341,103.775324862,1.30106577367,Building,,01 18 03.83679N,103 46 31.16950E,Singapore Wind Tunnel Facility,0.0,283.319233048,3307.68695341,0.0,31.186886,24.651266,26.037432,26.037432,B1300,OSM - as it is,yes,5,1,15,3
528,468,0.0,103.77256735,1.30717979444,Building,,01 18 25.84726N,103 46 21.24246E,,0.0,338.404324603,3573.34561452,27.5,27.5,27.5,27.5,27.5,B1317,OSM - as it is,yes,6,1,18,3
2,2,5936.72714275,103.777688865,1.29708304212,Building,,01 17 49.49895N,103 46 39.67991E,University Hall,5.36036266096,429.662939027,5936.72714275,0.0,63.402751,50.218364,50.772751,46.392751,B1091,OSM - as it is,yes,6,0,18,3
439,338,3792.58054543,103.773564429,1.30388257347,Building,,01 18 13.97726N,103 46 24.83194E,CREATE Tower/UTown Auditorium 1,0.0,369.181909816,3792.58054543,107.9,107.9,107.9,107.9,107.9,B1046,OSM - as it is,school,17,1,51,3
257,183,3613.82398806,103.770429428,1.29816445896,Building,,01 17 53.39205N,103 46 13.54594E,SDE3,0.0,400.100578086,3613.82398806,0.0,50.619721,42.8673,47.107441,0.0,B1083,OSM - as it is,yes,5,1,15,3
131,77,3682.56281421,103.773630527,1.30148485796,Building,,01 18 05.34549N,103 46 25.06990E,Lee Kong Chian Natural History Museum,0.0,244.374359012,3682.56281421,0.0,34.916637,12.295419,10.722118,10.722118,B1020,OSM - as it is,yes,4,0,12,3
149,92,3633.87799822,103.776005943,1.3007455403,Building,,01 18 02.68395N,103 46 33.62140E,MPSH1-4,0.0,268.981928655,3633.87799822,0.0,30.821235,23.061857,23.625463,23.625463,B1179,OSM - as it is,yes,5,0,15,3
13,8,4418.69637358,103.770691097,1.30026630802,Building,,01 18 00.95871N,103 46 14.48795E,EA,5.19887257021,678.917053516,4120.94658674,0.0,61.764489,39.834638,57.113331,57.113332,B1068,User - Input,yes,7,0,24,3
263,190,3742.29007849,103.775664634,1.29246130579,Building,,01 17 32.86070N,103 46 32.39268E,I Cube,0.0,400.054547831,3742.29007849,0.0,56.077963,41.859509,52.467964,52.467964,B1008,User - Input,yes,5,0,18,3
54,23,3954.60033358,103.770759411,1.29852187295,Building,,01 17 54.67874N,103 46 14.73388E,EW1,0.0,391.074119062,3954.60033358,0.0,52.034977,44.862565,45.454796,0.0,B1014,User - Input,yes,2,0,12,3
266,193,7076.35213677,103.773984276,1.29449151286,Building,,01 17 40.16945N,103 46 26.34340E,COM1,4.3534262231,461.49474565,5218.27324416,0.0,51.40889,41.123361,44.022369,44.202369,B1015,User - Input,yes,3,0,9,3
546,0,0.0,0.0,0.0,Building,,,,USC,0.0,367.617758104,4297.96797545,0.0,48.390059,35.652772,40.957981,40.957981,B1301,OSM - as it is,stadium,3,1,9,3
119,68,4082.85423959,103.780826687,1.29436708979,Building,,01 17 39.72152N,103 46 50.97607E,Centre for Life Science,0.0,339.523081368,4082.85423959,0.0,63.791724,61.974181,63.791724,63.791724,B1139,User - Input,university,6,0,18,3
4,3,4718.28843776,103.774820932,1.2984839479,Building,,01 17 54.54221N,103 46 29.35535E,Yusof Ishak House,0.0,548.537737824,4718.28843776,0.0,58.812346,47.46731,47.656083,44.706647,B1004,OSM - as it is,yes,4,0,12,3
447,349,6003.17509374,103.772932974,1.3058916421,Building,,01 18 21.20991N,103 46 22.55871E,Education Resource Centre,1.54874957154,606.118404423,6003.17509374,27.7,27.7,27.7,27.7,27.7,B1042,User - Input,yes,4,0,12,3
19,9,4790.14140305,103.775704427,1.29456353168,Building,,01 17 40.42871N,103 46 32.53594E,Institute of Materials Research and Engineering,0.0,408.045149752,4790.14140305,0.0,59.076349,47.977736,52.955571,54.424961,B1013,OSM - as it is,yes,6,1,18,3
288,203,6688.86510339,103.773169075,1.29665852305,Building,,01 17 47.97068N,103 46 23.40867E,Central Library,0.0,467.863193442,4915.59825002,0.0,65.345056,54.445279,54.868811,54.564418,B1003,OSM - as it is,yes,7,0,21,3
5,4,7386.63359617,103.772875535,1.29378812267,Building,,01 17 37.63724N,103 46 22.35193E,Kent Ridge Guild House,0.0,472.108598256,7386.63359617,0.0,43.336176,34.40843,40.372402,40.976176,B1009,User - Input,yes,2,1,6,3
547,0,0.0,0.0,0.0,Building,,,,Technology Centre for Offshore and Marine,0.0,348.03190704,7197.61032705,0.0,64.388453,59.087765,63.543587,56.878208,B1290,User - Input,yes,5,1,15,3
117,66,6953.46473601,103.77274894,1.30228900573,Building,,01 18 08.24042N,103 46 21.89618E,Yong Siew Toh Conservatory of Music,0.0,460.740131084,6953.46473601,0.0,28.927462,26.559734,28.927462,28.927462,B1026,OSM - as it is,yes,4,0,12,3
0,1,8604.81216115,103.772088503,1.30176183283,Building,,01 18 06.34260N,103 46 19.51861E,University Cultural Centre,0.0,673.833397059,8604.81216115,0.0,42.38046,28.073474,28.927462,28.927462,B1006,OSM - as it is,yes,4,1,12,3
446,348,13435.5784209,103.772448187,1.30468440806,Building,,01 18 16.86387N,103 46 20.81347E,Stephen Riady Centre/UTown Auditorium 2,0.0,565.633418604,13435.5784209,29.5,29.5,29.5,29.5,29.5,B1045,User - Input,university,3,0,15,3
